strategy,test,alpha_ann,alpha_t_NW,R2,condition_number,n
V3_G3_core_short_dv01_cost_hurdle_dynamicTC,curve_factor_LSC,0.0119,2.0531,0.4096,13.4639,470
V3_G3_core_short_dv01_smooth_a035_b05_dynamicTC,curve_factor_LSC,0.0101,1.874,0.4075,13.4639,470
V3_G3_core_short_dv01_quarterly_dynamicTC,curve_factor_LSC,0.0104,1.8674,0.3541,13.4639,470
V3_G3_core_short_dv01_quarterly_smooth_dynamicTC,curve_factor_LSC,0.0099,1.7827,0.3567,13.4639,470
V3_G1_sparse_core_vol_cost_hurdle_dynamicTC,curve_factor_LSC,0.0075,1.6682,0.5606,13.4639,470
V3_G4_core_tail_es_cost_hurdle_dynamicTC,curve_factor_LSC,0.0066,1.5605,0.5737,13.4639,470
V3_G2_sparse_core_dv01_cost_hurdle_dynamicTC,curve_factor_LSC,0.0072,1.5591,0.5604,13.4639,470
V3_G4_core_tail_es_quarterly_dynamicTC,curve_factor_LSC,0.005,1.3159,0.5564,13.4639,470
V3_G1_sparse_core_vol_quarterly_dynamicTC,curve_factor_LSC,0.0052,1.3131,0.55,13.4639,470
V3_G1_sparse_core_vol_quarterly_smooth_dynamicTC,curve_factor_LSC,0.0049,1.2064,0.5536,13.4639,470
V3_G1_sparse_core_vol_smooth_a035_b05_dynamicTC,curve_factor_LSC,0.0048,1.1947,0.5793,13.4639,470
V3_G4_core_tail_es_quarterly_smooth_dynamicTC,curve_factor_LSC,0.0045,1.165,0.5601,13.4639,470
V3_G4_core_tail_es_smooth_a035_b05_dynamicTC,curve_factor_LSC,0.0045,1.1618,0.5853,13.4639,470
V3_G2_sparse_core_dv01_smooth_a035_b05_dynamicTC,curve_factor_LSC,0.0046,1.1441,0.5818,13.4639,470
V3_G2_sparse_core_dv01_quarterly_dynamicTC,curve_factor_LSC,0.0045,1.0936,0.555,13.4639,470
V3_G2_sparse_core_dv01_quarterly_smooth_dynamicTC,curve_factor_LSC,0.0042,1.0163,0.5568,13.4639,470
V3_G3_core_short_dv01_quarterly_dynamicTC,eligible_tenor_span,0.0122,2.0522,0.3574,32.3143,470
V3_G3_core_short_dv01_cost_hurdle_dynamicTC,eligible_tenor_span,0.0115,2.0137,0.4101,32.3143,470
V3_G3_core_short_dv01_quarterly_smooth_dynamicTC,eligible_tenor_span,0.0117,1.9476,0.3605,32.3143,470
V3_G3_core_short_dv01_smooth_a035_b05_dynamicTC,eligible_tenor_span,0.0109,1.8785,0.409,32.3143,470
V3_G1_sparse_core_vol_cost_hurdle_dynamicTC,eligible_tenor_span,0.0077,1.6079,0.5607,32.3143,470
V3_G2_sparse_core_dv01_cost_hurdle_dynamicTC,eligible_tenor_span,0.0074,1.4958,0.5605,32.3143,470
V3_G4_core_tail_es_cost_hurdle_dynamicTC,eligible_tenor_span,0.0067,1.4835,0.5737,32.3143,470
V3_G1_sparse_core_vol_quarterly_dynamicTC,eligible_tenor_span,0.0061,1.414,0.5511,32.3143,470
V3_G4_core_tail_es_quarterly_dynamicTC,eligible_tenor_span,0.0057,1.3961,0.5571,32.3143,470
V3_G1_sparse_core_vol_quarterly_smooth_dynamicTC,eligible_tenor_span,0.0058,1.2962,0.5548,32.3143,470
V3_G4_core_tail_es_quarterly_smooth_dynamicTC,eligible_tenor_span,0.0051,1.2306,0.5608,32.3143,470
V3_G1_sparse_core_vol_smooth_a035_b05_dynamicTC,eligible_tenor_span,0.0053,1.2149,0.5799,32.3143,470
V3_G2_sparse_core_dv01_quarterly_dynamicTC,eligible_tenor_span,0.0052,1.1842,0.5557,32.3143,470
V3_G2_sparse_core_dv01_smooth_a035_b05_dynamicTC,eligible_tenor_span,0.0051,1.1758,0.5823,32.3143,470
V3_G4_core_tail_es_smooth_a035_b05_dynamicTC,eligible_tenor_span,0.0048,1.1564,0.5856,32.3143,470
V3_G2_sparse_core_dv01_quarterly_smooth_dynamicTC,eligible_tenor_span,0.0049,1.1054,0.5575,32.3143,470
V3_G3_core_short_dv01_cost_hurdle_dynamicTC,parent_10Y_timing,0.0113,3.4122,0.7766,1.0,470
V3_G3_core_short_dv01_smooth_a035_b05_dynamicTC,parent_10Y_timing,0.0108,3.3481,0.7142,1.0,470
V3_G3_core_short_dv01_quarterly_dynamicTC,parent_10Y_timing,0.0115,3.2191,0.6123,1.0,470
V3_G3_core_short_dv01_quarterly_smooth_dynamicTC,parent_10Y_timing,0.0114,3.1934,0.5908,1.0,470
V3_G1_sparse_core_vol_cost_hurdle_dynamicTC,parent_10Y_timing,0.0097,2.9069,0.7271,1.0,470
V3_G2_sparse_core_dv01_cost_hurdle_dynamicTC,parent_10Y_timing,0.0095,2.7754,0.7306,1.0,470
V3_G4_core_tail_es_cost_hurdle_dynamicTC,parent_10Y_timing,0.0092,2.764,0.7283,1.0,470
V3_G1_sparse_core_vol_quarterly_dynamicTC,parent_10Y_timing,0.0087,2.4702,0.6444,1.0,470
V3_G4_core_tail_es_quarterly_dynamicTC,parent_10Y_timing,0.0084,2.4648,0.6473,1.0,470
V3_G1_sparse_core_vol_quarterly_smooth_dynamicTC,parent_10Y_timing,0.0085,2.3999,0.6267,1.0,470
V3_G1_sparse_core_vol_smooth_a035_b05_dynamicTC,parent_10Y_timing,0.0081,2.3695,0.6772,1.0,470
V3_G4_core_tail_es_quarterly_smooth_dynamicTC,parent_10Y_timing,0.0081,2.3489,0.6294,1.0,470
V3_G4_core_tail_es_smooth_a035_b05_dynamicTC,parent_10Y_timing,0.0077,2.3319,0.6815,1.0,470
V3_G2_sparse_core_dv01_smooth_a035_b05_dynamicTC,parent_10Y_timing,0.0079,2.3217,0.6773,1.0,470
V3_G2_sparse_core_dv01_quarterly_dynamicTC,parent_10Y_timing,0.008,2.2331,0.6483,1.0,470
V3_G2_sparse_core_dv01_quarterly_smooth_dynamicTC,parent_10Y_timing,0.0079,2.191,0.63,1.0,470
